"Component","Value","Description","Qty","Mfr","RS Order No.","RS Components","URL"
"1N4148","","","8","6708858P","","RS Components","http://uk.rs-online.com/web/ComponentFinder"
"CAP_600th","","","2","","","RS Components","http://uk.rs-online.com/web/ComponentFinder"
"CON10_100th","","","2","","","RS Components","http://uk.rs-online.com/web/ComponentFinder"
"CPOL_10","","","1","","","RS Components","http://uk.rs-online.com/web/ComponentFinder"
"Fuse_900th","","","1","","","RS Components","http://uk.rs-online.com/web/ComponentFinder"
"LED_100th","","","8","","","RS Components","http://uk.rs-online.com/web/ComponentFinder"
"L_10uH","","","4","","","RS Components","http://uk.rs-online.com/web/ComponentFinder"
"PHX_2POL","","","6","","","RS Components","http://uk.rs-online.com/web/ComponentFinder"
"PHX_3POL","","","2","","","RS Components","http://uk.rs-online.com/web/ComponentFinder"
"PHX_3POL_2","","","3","","","RS Components","http://uk.rs-online.com/web/ComponentFinder"
"PHX_4POL","","","1","","","RS Components","http://uk.rs-online.com/web/ComponentFinder"
"PHX_6POL_2","","","1","","","RS Components","http://uk.rs-online.com/web/ComponentFinder"
"Relay_2pol","","","8","","","RS Components","http://uk.rs-online.com/web/ComponentFinder"
"Traco_04","","","1","","","RS Components","http://uk.rs-online.com/web/ComponentFinder"
"TransDiode_P6KE","","","2","","","RS Components","http://uk.rs-online.com/web/ComponentFinder"
"Varistor_300th","","","4","","","RS Components","http://uk.rs-online.com/web/ComponentFinder"
