"Qty","Ref Name","Value","Component","Package","Description","Manufacturer","Value",""
"1","C1","","1uF_0603","SM0603","Kerko 1uF, 16 V, SMD 0603","AVX","",""
"1","C2","","100nF_0603","SM0603","KERKO_100nF/16V_SM0603","AVX","",""
"1","C3","","220nF_0805","C0805","Kerko_220nF/50V_SM0805","","",""
"1","C4","","2.2uF_3216","CT3216","Tantal_2.2uF/16V_3216","","",""
"1","C5","","2.2uF_3216","CT3216","Tantal_2.2uF/16V_3216","","",""
"1","C6","","100nF_0603","SM0603","KERKO_100nF/16V_SM0603","AVX","",""
"1","CONN1","","CON_10x2_100th","DIL","2x10 polig R2, 11,3 mm, vergold.","","",""
"1","CONN2","","CON_10x2_100th","DIL","2x10 polig R2, 11,3 mm, vergold.","","",""
"1","CONN3","","Display_Stecker","SM","Steckverbinder 1,0mm FFC/FPC 4-polig","","",""
"1","D1","","SchottkyDiode_SOD_323","SM","SchottkyDiode_40V/3A_SOD323","","",""
"1","L1","","Drossel_WE_PD4","SM","Drossel-Ferrit_47uH_1.8A_12.5x10mm","","",""
"1","L2","","EA_DOGXL_160-7","DIL","","","",""
"1","R1","","18R_1206","R1206","18 R, 0,25 Watt, 1%, SMD 1206","","",""
"1","U1","","CAT4238","SM","LED-Treiber_3.3V->35V_600mA_SMD SOT23-5","","",""
