"Component","Value","Description","Qty","Mfr","RS Order No.","RS Components","URL"
"4K7_0603","","RESISTOR, European symbol","5","","","RS Components","http://uk.rs-online.com/web/ComponentFinder"
"4.7uF_3528","","POLARIZED CAPACITOR, European symbol","1","","","RS Components","http://uk.rs-online.com/web/ComponentFinder"
"6K8_1206","","RESISTOR, European symbol","8","","","RS Components","http://uk.rs-online.com/web/ComponentFinder"
"10K_0603","","RESISTOR, European symbol","10","","","RS Components","http://uk.rs-online.com/web/ComponentFinder"
"10uF_3528","","POLARIZED CAPACITOR, European symbol","2","","","RS Components","http://uk.rs-online.com/web/ComponentFinder"
"10uH_1210","","","1","","","RS Components","http://uk.rs-online.com/web/ComponentFinder"
"12pF_0603","","Capacitor, Surface Mount Multi-Layer Ceramic","2","","","RS Components","http://uk.rs-online.com/web/ComponentFinder"
"18pF_0603","","Capacitor, Surface Mount Multi-Layer Ceramic","2","","","RS Components","http://uk.rs-online.com/web/ComponentFinder"
"100nF_0603","","Capacitor, Surface Mount Multi-Layer Ceramic","16","","","RS Components","http://uk.rs-online.com/web/ComponentFinder"
"150R_1206","","RESISTOR, European symbol","1","","","RS Components","http://uk.rs-online.com/web/ComponentFinder"
"220nF_1206","220nF","CAPACITOR, European symbol","3","","","RS Components","http://uk.rs-online.com/web/ComponentFinder"
"270R_1206","","RESISTOR, European symbol","1","","","RS Components","http://uk.rs-online.com/web/ComponentFinder"
"AD8555","","","1","","","RS Components","http://uk.rs-online.com/web/ComponentFinder"
"ADR02","","","1","","","RS Components","http://uk.rs-online.com/web/ComponentFinder"
"ADR03","","","1","","","RS Components","http://uk.rs-online.com/web/ComponentFinder"
"Batterie","","","1","","","RS Components","http://uk.rs-online.com/web/ComponentFinder"
"Buzzer_SMA17_P10","","","1","","","RS Components","http://uk.rs-online.com/web/ComponentFinder"
"CAPOL_6.3","","","2","","","RS Components","http://uk.rs-online.com/web/ComponentFinder"
"CON10_100th","","","4","","","RS Components","http://uk.rs-online.com/web/ComponentFinder"
"CON_10x2_100th","","","2","","","RS Components","http://uk.rs-online.com/web/ComponentFinder"
"DruckSensor_MPXV2010","","","1","","","RS Components","http://uk.rs-online.com/web/ComponentFinder"
"DS1302Z8_2","","","1","","","RS Components","http://uk.rs-online.com/web/ComponentFinder"
"Ferrit_smd","","","1","","","RS Components","http://uk.rs-online.com/web/ComponentFinder"
"FSM_Taster_250th","","","1","","","RS Components","http://uk.rs-online.com/web/ComponentFinder"
"MCP9800XXX-X_OTX","","","1","","","RS Components","http://uk.rs-online.com/web/ComponentFinder"
"npn_SOT23","","","1","","","RS Components","http://uk.rs-online.com/web/ComponentFinder"
"OK_16DIL","","SIEMENS OPTO COUPLER","2","","","RS Components","http://uk.rs-online.com/web/ComponentFinder"
"PHX_2POL","","","1","","","RS Components","http://uk.rs-online.com/web/ComponentFinder"
"RECON_DC","","","1","","","RS Components","http://uk.rs-online.com/web/ComponentFinder"
"SchottkyDiode_SOD_323","","","1","","","RS Components","http://uk.rs-online.com/web/ComponentFinder"
"ULN_Treiber_SO","","","2","","","RS Components","http://uk.rs-online.com/web/ComponentFinder"
"XMEGA128A1","","MICROCONTROLLERFeaturesHigh-performance, Low-power 8/16-bit AVR XMEGA Microcontroller Non-Volatile Program and Data Memories- 64K - 384K Bytes of In-System Self-Programmable Flash- 4K - 8K Bytes Boot Section with Independent Lock Bits- 2 KB - 4 KB EEPROM- 4 KB - 32 KB Internal SRAMExternal Bus Interface for up to 16M bytes SRAMExternal Bus Interface for up to 128M bit SDRAM Peripheral Features- Four-channel DMA Controller with support for external requests- Eight-channel Event System- Eight 16-bit Timer/CountersFour Timer/Counters with 4 Output Compare or Input Capture channelsFour Timer/Counters with 2 Output Compare or Input Capture channelsHigh-Resolution Extension on all Timer/CountersAdvanced Waveform Extension on two Timer/Counters- Eight USARTsIrDA modulation/demodulation for one USART- Four Two-Wire Interfaces with dual address match (I2C and SMBus compatible)- Four SPI (Serial Peripheral Interface) peripherals- AES and DES Crypto Engine- 16-bit Real Time Counter with separate Oscillator- Two Eight-channel, 12-bit, 2 Msps Analog to Digital Converters- Two Two-channel, 12-bit, 1 Msps Digital to Analog Converters- Four Analog Comparators with Window compare function- External Interrupts on all General Purpose I/O pins- Programmable Watchdog Timer with Separate On-chip Ultra Low Power Oscillator Special Microcontroller Features- Power-on Reset and Programmable Brown-out Detection- Internal and External Clock Options with PLL and Prescaler- Programmable Multi-level Interrupt Controller- Sleep Modes: Idle, Power-down, Standby, Power-save, Extended Standby- Advanced Programming, Test and Debugging InterfacesJTAG (IEEE 1149.1 Compliant) Interface for programming, test and debuggingPDI (Program and Debug Interface) for programming and debugging I/O and Packages- 78 Programmable I/O Lines- 100 - lead TQFP- 100 - ball CBGA- 100 - ball VFBGA Operating Voltage- 1.6 - 3.6V Speed performance- 0 - 12 MHz @ 1.6 - 3.6V- 0 - 32 MHz @ 2.7 - 3.6VDrawn by Dipl.-Ing. (FH) Robert SieglerCreated: 27.05.09","1","","","RS Components","http://uk.rs-online.com/web/ComponentFinder"
"XTAL_HC49","","","1","","","RS Components","http://uk.rs-online.com/web/ComponentFinder"
"XTAL_SMT_87_37","","","1","","","RS Components","http://uk.rs-online.com/web/ComponentFinder"
