"Name","Component","Value Description","Side","Centre X","Centre Y","Rotation"
"C1","ELKO_4.7uF_250V","Elko_4.7uF/250V","Top","1333","25","90.00"
"C2","ELKO_4.7uF_250V","Elko_4.7uF/250V","Top","1333","-325","90.00"
"C3","ELKO_4.7uF_250V","Elko_4.7uF/250V","Top","1333","-675","90.00"
"C4","ELKO_4.7uF_250V","Elko_4.7uF/250V","Top","1633","175","90.00"
"C5","ELKO_4.7uF_250V","Elko_4.7uF/250V","Top","1633","-175","90.00"
"C6","ELKO_4.7uF_250V","Elko_4.7uF/250V","Top","1633","-525","90.00"
"C7","ELKO_4.7uF_250V","Elko_4.7uF/250V","Top","1633","-875","90.00"
"C8","27pF_0603","KERKO_27pF/50V_SM0603","Bottom","150","-135","0.00"
"C9","12pF_0603","KERKO_12pF/50V_SM0603","Bottom","150","-685","0.00"
"C10","150pF_0603","KERKO_150pF/50V_SM0603","Bottom","365","25","270.00"
"C11","100nF_0603","KERKO_100nF/16V_SM0603","Bottom","385","-275","90.00"
"C12","150pF_0603","KERKO_150pF/50V_SM0603","Bottom","365","-525","270.00"
"C13","100nF_0603","KERKO_100nF/16V_SM0603","Bottom","385","-825","90.00"
"C14","150pF_0603","KERKO_150pF/50V_SM0603","Bottom","490","575","270.00"
"C15","12pF_0603","KERKO_12pF/50V_SM0603","Bottom","560","25","90.00"
"C16","150pF_0603","KERKO_150pF/50V_SM0603","Bottom","635","-100","90.00"
"C17","100nF_0603","KERKO_100nF/16V_SM0603","Bottom","600","-215","180.00"
"C18","12pF_0603","KERKO_12pF/50V_SM0603","Bottom","560","-525","90.00"
"C19","150pF_0603","KERKO_150pF/50V_SM0603","Bottom","635","-650","90.00"
"C20","100nF_0603","KERKO_100nF/16V_SM0603","Bottom","600","-765","180.00"
"C21","220nF_0805","Kerko_220nF/50V_SM0805","Bottom","916","-200","180.00"
"C22","100nF_0603","KERKO_100nF/16V_SM0603","Bottom","965","-625","270.00"
"C23","10nF_1206","KERKO_10nF/630V_SM1206","Bottom","950","-980","90.00"
"C24","100nF_0603","KERKO_100nF/16V_SM0603","Bottom","1290","425","270.00"
"CONN1","CONN_5x2_100th","2x10 polig R2, 11,3 mm, vergold.","Top","1175","550","0.00"
"D1","4148_SOD123","Rectifier_100V_0.15A_SOD123","Bottom","183","200","180.00"
"D2","4148_SOD123","Rectifier_100V_0.15A_SOD123","Bottom","183","100","0.00"
"D3","4148_SOD123","Rectifier_100V_0.15A_SOD123","Bottom","675","468","270.00"
"D4","Diode_400V_SMA","UltraFastRectifier_400V_1A_SMA","Bottom","500","-1050","0.00"
"D5","Diode_400V_SMA","UltraFastRectifier_400V_1A_SMA","Bottom","500","-925","180.00"
"D6","Diode_400V_SMA","UltraFastRectifier_400V_1A_SMA","Bottom","1325","-925","90.00"
"D7","Diode_400V_SMA","UltraFastRectifier_400V_1A_SMA","Bottom","1475","75","180.00"
"D8","Diode_400V_SMA","UltraFastRectifier_400V_1A_SMA","Bottom","1475","-75","0.00"
"D9","Diode_400V_SMA","UltraFastRectifier_400V_1A_SMA","Bottom","1475","-275","180.00"
"D10","Diode_400V_SMA","UltraFastRectifier_400V_1A_SMA","Bottom","1475","-425","0.00"
"D11","Diode_400V_SMA","UltraFastRectifier_400V_1A_SMA","Bottom","1475","-625","180.00"
"D12","Diode_400V_SMA","UltraFastRectifier_400V_1A_SMA","Bottom","1475","-775","0.00"
"L1","L_1mH_SMD","L-Ferrit_1mH_0.5A_18x14mm","Top","875","-338","90.00"
"Q1","UltraSonic","","Bottom","900","-1275","0.00"
"Q2","N-MOSFET_IRF730","N-Channel-MOSFET_400V_5.5A","Top","650","200","0.00"
"Q3","N-MOSFET_IRF730","N-Channel-MOSFET_400V_5.5A","Top","950","-875","180.00"
"R1","47K_0603","Resistor_47K_0603","Bottom","75","-142","270.00"
"R2","10K_0603","Resistor_10K_SM0603","Bottom","750","-142","270.00"
"R3","10K_0603","Resistor_10K_SM0603","Bottom","300","492","90.00"
"R4","10K_0603","Resistor_10K_SM0603","Bottom","367","100","0.00"
"R5","10K_0603","Resistor_10K_SM0603","Bottom","367","-450","0.00"
"R6","100K_0603","Resistor_100k_SM0603","Bottom","567","100","0.00"
"R7","100K_0603","Resistor_100k_SM0603","Bottom","567","-450","0.00"
"R8","4K7_0603","Resistor_4K7_SM0603","Bottom","708","350","180.00"
"R9","10K_0805","Resistor_10K_SM0805","Bottom","720","-1000","180.00"
"R10","330R_0805","Resistor_330R_SM0805","Bottom","805","550","0.00"
"R11","100K_0603","Resistor_100k_SM0603","Bottom","75","-692","270.00"
"R12","1.8K_0805","Resistor_1.8K_SM0805","Bottom","850","-1055","270.00"
"R13","330R_0805","Resistor_330R_SM0805","Bottom","1155","-1000","0.00"
"R14","1K_0603","Resistor_1K_SM0603","Bottom","1492","275","0.00"
"R15","100K_0603","Resistor_100k_SM0603","Bottom","1725","-133","90.00"
"R16","100K_0603","Resistor_100k_SM0603","Bottom","1725","-708","90.00"
"U1","MCP6072_SO8","OP-Ampliefier_150uV-Offset_1.2MHz_5V_RailToRail","Bottom","376","-124","0.00"
"U2","MCP6072_SO8","OP-Ampliefier_150uV-Offset_1.2MHz_5V_RailToRail","Bottom","376","-674","0.00"
"U3","LM211D_SO8","Komparator, 5V SingleSupply","Bottom","477","425","180.00"
"U4","ADR03","VoltageRef_2.5V","Bottom","899","-424","90.00"
