"Qty","Ref Name","Value","Component","Package","Description","Manufacturer","Value",""
"1","C1","ECA2EM4R7","ELKO_4.7uF_250V","DIL","Elko_4.7uF/250V","Panasonic","228-7164",""
"1","C2","ECA2EM4R7","ELKO_4.7uF_250V","DIL","Elko_4.7uF/250V","Panasonic","228-7164",""
"1","C3","ECA2EM4R7","ELKO_4.7uF_250V","DIL","Elko_4.7uF/250V","Panasonic","228-7164",""
"1","C4","ECA2EM4R7","ELKO_4.7uF_250V","DIL","Elko_4.7uF/250V","Panasonic","228-7164",""
"1","C5","ECA2EM4R7","ELKO_4.7uF_250V","DIL","Elko_4.7uF/250V","Panasonic","228-7164",""
"1","C6","ECA2EM4R7","ELKO_4.7uF_250V","DIL","Elko_4.7uF/250V","Panasonic","228-7164",""
"1","C7","ECA2EM4R7","ELKO_4.7uF_250V","DIL","Elko_4.7uF/250V","Panasonic","228-7164",""
"1","C8","","27pF_0603","SM0603","KERKO_27pF/50V_SM0603","AVX","",""
"1","C9","","12pF_0603","SM0603","KERKO_12pF/50V_SM0603","AVX","",""
"1","C10","","150pF_0603","SM0603","KERKO_150pF/50V_SM0603","AVX","",""
"1","C11","","100nF_0603","SM0603","KERKO_100nF/16V_SM0603","AVX","",""
"1","C12","","150pF_0603","SM0603","KERKO_150pF/50V_SM0603","AVX","",""
"1","C13","","100nF_0603","SM0603","KERKO_100nF/16V_SM0603","AVX","",""
"1","C14","","150pF_0603","SM0603","KERKO_150pF/50V_SM0603","AVX","",""
"1","C15","","12pF_0603","SM0603","KERKO_12pF/50V_SM0603","AVX","",""
"1","C16","","150pF_0603","SM0603","KERKO_150pF/50V_SM0603","AVX","",""
"1","C17","","100nF_0603","SM0603","KERKO_100nF/16V_SM0603","AVX","",""
"1","C18","","12pF_0603","SM0603","KERKO_12pF/50V_SM0603","AVX","",""
"1","C19","","150pF_0603","SM0603","KERKO_150pF/50V_SM0603","AVX","",""
"1","C20","","100nF_0603","SM0603","KERKO_100nF/16V_SM0603","AVX","",""
"1","C21","","220nF_0805","C0805","Kerko_220nF/50V_SM0805","","",""
"1","C22","","100nF_0603","SM0603","KERKO_100nF/16V_SM0603","AVX","",""
"1","C23","","10nF_0805","C1206","Kerko_10nF/630V_SM0805","","",""
"1","C24","","100nF_0603","SM0603","KERKO_100nF/16V_SM0603","AVX","",""
"1","CONN1","","CONN_5x2_100th","DIL","2x10 polig R2, 11,3 mm, vergold.","","",""
"1","D1","","4148_SOD123","SM","Rectifier_100V_0.15A_SOD123","","",""
"1","D2","","4148_SOD123","SM","Rectifier_100V_0.15A_SOD123","","",""
"1","D3","","4148_SOD123","SM","Rectifier_100V_0.15A_SOD123","","",""
"1","D4","US1G-E3/5AT","Diode_400V_SMA","SM","UltraFastRectifier_400V_1A_SMA","Vishay","710-3910",""
"1","D5","US1G-E3/5AT","Diode_400V_SMA","SM","UltraFastRectifier_400V_1A_SMA","Vishay","710-3910",""
"1","D6","US1G-E3/5AT","Diode_400V_SMA","SM","UltraFastRectifier_400V_1A_SMA","Vishay","710-3910",""
"1","D7","US1G-E3/5AT","Diode_400V_SMA","SM","UltraFastRectifier_400V_1A_SMA","Vishay","710-3910",""
"1","D8","US1G-E3/5AT","Diode_400V_SMA","SM","UltraFastRectifier_400V_1A_SMA","Vishay","710-3910",""
"1","D9","US1G-E3/5AT","Diode_400V_SMA","SM","UltraFastRectifier_400V_1A_SMA","Vishay","710-3910",""
"1","D10","US1G-E3/5AT","Diode_400V_SMA","SM","UltraFastRectifier_400V_1A_SMA","Vishay","710-3910",""
"1","D11","US1G-E3/5AT","Diode_400V_SMA","SM","UltraFastRectifier_400V_1A_SMA","Vishay","710-3910",""
"1","D12","US1G-E3/5AT","Diode_400V_SMA","SM","UltraFastRectifier_400V_1A_SMA","Vishay","710-3910",""
"1","L1","SDR1806-102KL","L_1mH_SMD","SM","L-Ferrit_1mH_0.5A_18x14mm","Bourns","729-6551",""
"1","Q1","","UltraSonic","MISC","","","",""
"1","Q2","IRF730PBF","N-MOSFET_IRF730","DSC","N-Channel-MOSFET_400V_5.5A","Vishay","543-0096",""
"1","Q3","IRF730PBF","N-MOSFET_IRF730","DSC","N-Channel-MOSFET_400V_5.5A","Vishay","543-0096",""
"1","R1","","47K_0603","R0603","Resistor_47K_0603","","",""
"1","R2","","100K_0603","R0603","Resistor_100k_SM0603","","",""
"1","R3","","10K_0603","R0603","Resistor_10K_SM0603","","",""
"1","R4","","10K_0603","R0603","Resistor_10K_SM0603","","",""
"1","R5","","10K_0603","R0603","Resistor_10K_SM0603","","",""
"1","R6","","100K_0603","R0603","Resistor_100k_SM0603","","",""
"1","R7","","100K_0603","R0603","Resistor_100k_SM0603","","",""
"1","R8","","4K7_0603","R0603","Resistor_4K7_SM0603","","",""
"1","R9","","10K_0805","R0805","Resistor_10K_SM0805","","",""
"1","R10","","330R_0805","R0805","Resistor_330R_SM0805","","",""
"1","R11","","10K_0603","R0603","Resistor_10K_SM0603","","",""
"1","R12","","1.8K_0805","R0805","Resistor_1.8K_SM0805","","",""
"1","R13","","330R_0805","R0805","Resistor_330R_SM0805","","",""
"1","R14","","1K_0603","R0603","Resistor_1K_SM0603","","",""
"1","R15","","100K_0603","R0603","Resistor_100k_SM0603","","",""
"1","R16","","100K_0603","R0603","Resistor_100k_SM0603","","",""
"1","U1","MCP6072-E/SN","MCP6072_SO8","SO-G8","OP-Ampliefier_150uV-Offset_1.2MHz_5V_RailToRail","Microchip","687-8436",""
"1","U2","MCP6072-E/SN","MCP6072_SO8","SO-G8","OP-Ampliefier_150uV-Offset_1.2MHz_5V_RailToRail","Microchip","687-8436",""
"1","U3","LM211D","LM211D_SO8","SO-G8","Komparator, 5V SingleSupply","TI","517-2352",""
"1","U4","ADR03ARZ","ADR03","SM","VoltageRef_2.5V","Analog Devices","496-9975",""
