"Qty","Ref Name","Component","Part-Name","Package","Manufacturer","Description","RS Nr.",""
"1","C1","100nF_0603","0603YC104KAT2A","SM0603","AVX","KERKO_100nF/16V_SM0603","698-3320",""
"1","C2","100nF_0603","0603YC104KAT2A","SM0603","AVX","KERKO_100nF/16V_SM0603","698-3320",""
"1","C3","100nF_0603","0603YC104KAT2A","SM0603","AVX","KERKO_100nF/16V_SM0603","698-3320",""
"1","C4","100nF_0603","0603YC104KAT2A","SM0603","AVX","KERKO_100nF/16V_SM0603","698-3320",""
"1","C5","100nF_0603","0603YC104KAT2A","SM0603","AVX","KERKO_100nF/16V_SM0603","698-3320",""
"1","C6","100nF_0603","0603YC104KAT2A","SM0603","AVX","KERKO_100nF/16V_SM0603","698-3320",""
"1","C7","100nF_0603","0603YC104KAT2A","SM0603","AVX","KERKO_100nF/16V_SM0603","698-3320",""
"1","C8","100nF_0603","0603YC104KAT2A","SM0603","AVX","KERKO_100nF/16V_SM0603","698-3320",""
"1","C9","100nF_0603","0603YC104KAT2A","SM0603","AVX","KERKO_100nF/16V_SM0603","698-3320",""
"1","C10","100nF_0603","0603YC104KAT2A","SM0603","AVX","KERKO_100nF/16V_SM0603","698-3320",""
"1","C11","10uF_3528","TPSB106K016R0800","SM3528","AVX","10uF/16V_SM3528","407-0019",""
"1","C12","10uF_3528","TPSB106K016R0800","SM3528","AVX","10uF/16V_SM3528","407-0019",""
"1","C13","4.7uF_3528","TPSB475K035R1500","SM3528","AVX","4.7uF/35V_SM3528","699-3352",""
"1","C14","220nF_0805","12065C224KAT2A","SM0805","AVX","Kerko_220nF/50V_SM0805","698-3683",""
"1","C15","220nF_0805","12065C224KAT2A","SM0805","AVX","Kerko_220nF/50V_SM0805","698-3683",""
"1","C16","220nF_0805","12065C224KAT2A","SM0805","AVX","Kerko_220nF/50V_SM0805","698-3683",""
"1","C17","100nF_0603","0603YC104KAT2A","SM0603","AVX","KERKO_100nF/16V_SM0603","698-3320",""
"1","C18","100nF_0603","0603YC104KAT2A","SM0603","AVX","KERKO_100nF/16V_SM0603","698-3320",""
"1","C19","100nF_0603","0603YC104KAT2A","SM0603","AVX","KERKO_100nF/16V_SM0603","698-3320",""
"1","C20","100nF_0603","0603YC104KAT2A","SM0603","AVX","KERKO_100nF/16V_SM0603","698-3320",""
"1","C21","100nF_0603","0603YC104KAT2A","SM0603","AVX","KERKO_100nF/16V_SM0603","698-3320",""
"1","C22","100nF_0603","0603YC104KAT2A","SM0603","AVX","KERKO_100nF/16V_SM0603","698-3320",""
"1","C23","12pF_0603","C0603C120J5GAC7867","SM0603","Kemet","KERKO_12pF/50V_SM0603","147-437",""
"1","C24","12pF_0603","C0603C120J5GAC7867","SM0603","Kemet","KERKO_12pF/50V_SM0603","147-437",""
"1","C25","CAPOL_6.3","ECA1VHG101","R100","Panasonic","Elko_100uF/35V","727-0688",""
"1","C26","CAPOL_6.3","ECA1VHG101","R100","Panasonic","Elko_100uF/35V","727-0688",""
"1","C27","18pF_0603","C0603C180J5GAC7867","SM0603","Kemet","18pF/50V_SM0603","147-415",""
"1","C28","18pF_0603","C0603C180J5GAC7867","SM0603","Kemet","18pF/50V_SM0603","147-415",""
"1","C29","100nF_0603","0603YC104KAT2A","SM0603","AVX","KERKO_100nF/16V_SM0603","698-3320",""
"1","C30","100nF_0603","0603YC104KAT2A","SM0603","AVX","KERKO_100nF/16V_SM0603","698-3320",""
"1","C31","100nF_0603","0603YC104KAT2A","SM0603","AVX","KERKO_100nF/16V_SM0603","698-3320",""
"1","C32","100nF_0603","0603YC104KAT2A","SM0603","AVX","KERKO_100nF/16V_SM0603","698-3320",""
"1","C33","100nF_0603","0603YC104KAT2A","SM0603","AVX","KERKO_100nF/16V_SM0603","698-3320",""
"1","C34","18pF_0603","C0603C180J5GAC7867","SM0603","Kemet","18pF/50V_SM0603","147-415",""
"1","C35","18pF_0603","C0603C180J5GAC7867","SM0603","Kemet","18pF/50V_SM0603","147-415",""
"1","C36","1nF_0603","GRM1885C1H102GA01D","SM0603","Murata","KERKO_1nF/50V/2%_SM0603","723-5792",""
"1","C37","1nF_0603","GRM1885C1H102GA01D","SM0603","Murata","KERKO_1nF/50V/2%_SM0603","723-5792",""
"1","C38","47pF_0603","C0603C470J5GAC","SM0603","Kemet","KERKO_47pF/50V/5%_SM0603","264-4517",""
"1","C39","4.7uF_1210","GRM32ER71H475KA88L","SM1210","Murata","KERKO_4.7uF/50V/X7R_SM1210","515-8508",""
"1","C40","4.7uF_1210","GRM32ER71H475KA88L","SM1210","Murata","KERKO_4.7uF/50V/X7R_SM1210","515-8508",""
"1","C41","47uF_1210","GRM32ER61A476KE20L","SM1210","Murata","KERKO_47uF/10V/X5R_SM1210","723-6786",""
"1","C42","47uF_1210","GRM32ER61A476KE20L","SM1210","Murata","KERKO_47uF/10V/X5R_SM1210","723-6786",""
"1","C43","CAPOL_6.3","ECA1VHG101","R100","Panasonic","Elko_100uF/35V","727-0688",""
"1","C44","CAPOL_6.3","ECA1VHG101","R100","Panasonic","Elko_100uF/35V","727-0688",""
"1","C45","CAPOL_6.3","ECA1VHG101","R100","Panasonic","Elko_100uF/35V","727-0688",""
"1","C46","100nF_0603","0603YC104KAT2A","SM0603","AVX","KERKO_100nF/16V_SM0603","698-3320",""
"1","C47","100nF_0603","0603YC104KAT2A","SM0603","AVX","KERKO_100nF/16V_SM0603","698-3320",""
"1","C48","100nF_0603","0603YC104KAT2A","SM0603","AVX","KERKO_100nF/16V_SM0603","698-3320",""
"1","CONN1","PHX_2POL","MSTBVA 2,5/ 2-G-5.08","R200","Ph�nix Contact","PHX-Conn_2-200th","",""
"1","CONN2","CON_10x2_100th","63235","R100","Felec","Stiftleiste_2x10pol_R100","",""
"1","CONN3","CON_10x2_100th","63235","R100","Felec","Stiftleiste_2x10pol_R100","",""
"1","CONN4","CON10_100th","02-850-500","R100","Felec","Header-10pol_2x5_100th","",""
"1","CONN5","CON10_100th","02-850-500","R100","Felec","Header-10pol_2x5_100th","",""
"1","CONN6","CON10_100th","02-850-500","R100","Felec","Header-10pol_2x5_100th","",""
"1","CONN7","CON10_100th","02-850-500","R100","Felec","Header-10pol_2x5_100th","",""
"1","CONN8","PHX_4POL","MSTBVA 2,5/ 2-G-5.08","R200","Ph�nix Contact","BuchsePHX_1x4pol_R200th","",""
"1","CONN9","RF_Jack","","R200","","Antennestecker_4pol","",""
"1","CONN10","plug-3","","R100","","Stiftleiste_3pol.","",""
"1","D1","SchottkyDiode_SOD_323","B0530WS-7-F","","DiodesZetex","SchottkyDiode_40V/0.5A/0.45V_SOD323","738-4740",""
"1","D2","B240A_SMA","B240A-13-F","SMA","Diodes Zetex","SchottkyRectifier_2A/40V/0.5V","738-4762",""
"1","D3","zD_2.7V_SOD123","MMSZ2V7T1G","SOD123","ON Semiconductor","Zenerdiode_2.7V_5%_SOD123","544-9719",""
"1","D4","zD_2.7V_SOD123","MMSZ2V7T1G","SOD123","ON Semiconductor","Zenerdiode_2.7V_5%_SOD123","544-9719",""
"1","IC1","ULN_Treiber_SO18","ULN2803ADWG4","SOIC18","Texas Instruments","ULN-DarlingtonTreiber_SO18","646-6311",""
"1","IC2","ULN_Treiber_SO18","ULN2803ADWG4","SOIC18","Texas Instruments","ULN-DarlingtonTreiber_SO18","646-6311",""
"1","IC3","ULN_Treiber_SO18","ULN2803ADWG4","SOIC18","Texas Instruments","ULN-DarlingtonTreiber_SO18","646-6311",""
"1","L1","10uH_1210","B82422H1103K","SM1210","Epcos","10uH/0.5A_SM1210","706-2866",""
"1","L2","Ferrit_smd","2773019447","SM1810","Fair-Rite","Ferrit-Bead","467-3494",""
"1","L3","22uH_12x12","NPIS25H220MTRF","SM","NIC Components","12x12_22uH/2A","741-8868",""
"1","OK1","OK_SO16","ACPL-247-500E","SOIC16","Avago Technologies","4xOptokoppler_1-6xI_50mA-max","693-6807",""
"1","Q1","Buzzer_SMA17_P10","SMA-17 P10","R400","Sonitron","Buzzer_80dB/1,5V-24V/10mA","178-3986",""
"1","Q2","npn_SOT23","BCW 66KH","SOT23-3","Infineon","NPN-Transistor_Uce= 40V_Ic=0.5A_SOT23-2","752-8094",""
"1","R1","10K_0603","CRG0603F10K","SM0603","TE Connectivity","Resistor_10K_SM0603","213-2418",""
"1","R2","10K_0603","CRG0603F10K","SM0603","TE Connectivity","Resistor_10K_SM0603","213-2418",""
"1","R3","10K_0603","CRG0603F10K","SM0603","TE Connectivity","Resistor_10K_SM0603","213-2418",""
"1","R4","10K_0603","CRG0603F10K","SM0603","TE Connectivity","Resistor_10K_SM0603","213-2418",""
"1","R5","10K_0603","CRG0603F10K","SM0603","TE Connectivity","Resistor_10K_SM0603","213-2418",""
"1","R6","10K_0603","CRG0603F10K","SM0603","TE Connectivity","Resistor_10K_SM0603","213-2418",""
"1","R7","29.4K_0603","ERA3AEB2942V","SM0603","Panasonic","Resistor_29.4K_SM0603","708-8861",""
"1","R8","71.5K_0603","CRCW060371K5FKEA","SM0603","Vishay","Resistor_71.5K_SM0603","679-0689",""
"1","R9","348K_0603","CRCW0603348KFKEA","SM0603","Vishay","Resistor_29.4K_SM0603","679-0241",""
"1","R10","6K8_0805","CRG1206F6K8","SM0805","TE Connectivity","Resistor_6K8_SM0805","223-2372",""
"1","R11","6K8_0805","CRG1206F6K8","SM0805","TE Connectivity","Resistor_6K8_SM0805","223-2372",""
"1","R12","6K8_0805","CRG1206F6K8","SM0805","TE Connectivity","Resistor_6K8_SM0805","223-2372",""
"1","R13","6K8_0805","CRG1206F6K8","SM0805","TE Connectivity","Resistor_6K8_SM0805","223-2372",""
"1","R14","2.61K_0603","ERA3AEB2611V","SM0603","Panasonic","Resistor_2.61K_SM0603","708-7559",""
"1","R15","10K_0603","CRG0603F10K","SM0603","TE Connectivity","Resistor_10K_SM0603","213-2418",""
"1","R16","1K_0603","CRG0603F1K0","SM0603","TE Connectivity","Resistor_1K_SM0603","213-2266",""
"1","R17","1K_0603","CRG0603F1K0","SM0603","TE Connectivity","Resistor_1K_SM0603","213-2266",""
"1","R18","4K7_0603","CRG0603F4K7","SM0603","CRG0603F4K7","Resistor_4K7_SM0603","213-2367",""
"1","R19","4K7_0603","CRG0603F4K7","SM0603","CRG0603F4K7","Resistor_4K7_SM0603","213-2367",""
"1","R20","4K7_0603","CRG0603F4K7","SM0603","CRG0603F4K7","Resistor_4K7_SM0603","213-2367",""
"1","R21","4K7_0603","CRG0603F4K7","SM0603","CRG0603F4K7","Resistor_4K7_SM0603","213-2367",""
"1","R22","330K_0603","CRCW0603330KFKEA","SM0603","Vishay","Resistor_330K_SM0603","679-0217",""
"1","R23","270R_0805","CRG0805F270R","SM0603","TE Connectivity","Resistor_270R_SM0805","223-0348",""
"1","R24","150R_0805","CRG0805F150R","SM0603","TE Connectivity","Resistor_150R_SM0805","223-0310",""
"1","R25","120R_0805","CRG0805F120R","SM0805","TE Connectivity","Resistor_120R_SM0805","223-0304",""
"1","R26","33K_0603","CRCW060333K0FKEA","SM0603","Vishay","Resistor_33K_SM0603","679-0232",""
"1","R27","33K_0603","CRCW060333K0FKEA","SM0603","Vishay","Resistor_33K_SM0603","679-0232",""
"1","R28","330K_0603","CRCW0603330KFKEA","SM0603","Vishay","Resistor_330K_SM0603","679-0217",""
"1","T1","taster_FSM","KSA0M211 LFT","R150-250","C&K","On-Taster_4Polig_FSM","",""
"1","U1","MCP79410","MCP79410-I/SN","SOIC8","Microchip","TimerIC_64B-SRAM_Bat_I2C","726-3949",""
"1","U2","MCP9800_SOT23-5","MCP9800","SOT23-5","Microchip","MCP-TemperaturSensor_I2C","668-7215",""
"1","U3","RECON_DC","R-783.3-0.5","TO220","Recom","VoltageRegulator_3.3V","532-8044",""
"1","U4","ADR02","ADR02ARZ","SOIC8","Analog Devices","VoltageRef_5V","412-349",""
"1","U5","ADR03","ADR03ARZ","SOIC8","Analog Devices","VoltageRef_2.5V","496-9975",""
"1","U6","AD8555","AD8555ARZ","SOIC8","Analog Devices","OP-Differential-Programmable-Amplifier","496-7193",""
"1","U7","MPXV2102GP_SM","MPXV2102GP","SM","Freescale","MPX-Drucksensor_16Vmax_0.4mV/kPa","",""
"1","U8","SN65HVD232_SO8","SN65HVD1040DG4","SOIC8","Texas Instruments","3.3V_CAN-Treiber","662-4309",""
"1","U9","GC864-QUAD-V2","GC864-QUAD-V2","SM","Telit","GSM/GPRS Modem","",""
"1","U10","TPS54231_SO8","TPS54231D","SOIC8","Texas Instruments","DCDC/Converter-Chip_2A_Ua/25V-0.6V","709-3289",""
"1","U11","AT24C512_SO8","AT24C512C-SSHM-B","SOIC8","Atmel","EEPROM_64kB_I2C","738-0066",""
"1","U12","XMEGA128A1","ATXMEGA128A1-AU","TQFP100","Atmel","Atmel_Xmega_TQFP100_128kB-Flash","666-4578",""
"1","U13","MCP2515_SO18","MCP2515-I/SO","SOIC18","Microchip","2.7-5.5V_CAN-Controller","628-3548",""
"1","UB1","Batterie","105","R700","Keystone","Batteriehalter","430-681",""
"1","XTAL1","XTAL_HC49","Q-16,0-SMU4-30-30/30-LF","HC49","Jauch","QuarzCrystal-16MHz_HC49","",""
"1","XTAL2","XTAL_SMT_87_37","Q-0,032768-SMQ32SL-12,5-20-T1-LF","SMQ32SL","Jauch","QuarzCrystal-32kHz_SMQ32SL","",""
"1","XTAL3","XTAL_HC49","Q-16,0-SMU4-30-30/30-LF","HC49","Jauch","QuarzCrystal-16MHz_HC49","",""
