"Component","Value","Description","Qty","Mfr","RS Order No.","RS Components","URL"
"+24V","","Power","3","","","RS Components","http://uk.rs-online.com/web/ComponentFinder"
"0V","","Power","23","","","RS Components","http://uk.rs-online.com/web/ComponentFinder"
"06033C223KATDA","","Capacitor, Surface Mount Multi-Layer Ceramic","17","","","RS Components","http://uk.rs-online.com/web/ComponentFinder"
"06033C223KATDA","1uF","Capacitor, Surface Mount Multi-Layer Ceramic","1","","","RS Components","http://uk.rs-online.com/web/ComponentFinder"
"A3","","Dwg Frame","1","","","RS Components","http://uk.rs-online.com/web/ComponentFinder"
"Batterie","","","1","","","RS Components","http://uk.rs-online.com/web/ComponentFinder"
"Buzzer_SMA17_P10","","","1","","","RS Components","http://uk.rs-online.com/web/ComponentFinder"
"C-EUC1206","","CAPACITOR, European symbol","1","","","RS Components","http://uk.rs-online.com/web/ComponentFinder"
"CAPOL_6.3","","","2","","","RS Components","http://uk.rs-online.com/web/ComponentFinder"
"CAT4238","","","1","","","RS Components","http://uk.rs-online.com/web/ComponentFinder"
"CON10_100th","","","4","","","RS Components","http://uk.rs-online.com/web/ComponentFinder"
"CPOL-EUCT3216","","POLARIZED CAPACITOR, European symbol","2","","","RS Components","http://uk.rs-online.com/web/ComponentFinder"
"CPOL-EUCT3528","","POLARIZED CAPACITOR, European symbol","2","","","RS Components","http://uk.rs-online.com/web/ComponentFinder"
"Display_Stecker","","","1","","","RS Components","http://uk.rs-online.com/web/ComponentFinder"
"Drossel_WE_PD4","","","1","","","RS Components","http://uk.rs-online.com/web/ComponentFinder"
"DruckSensor_MPXV2010","","","1","","","RS Components","http://uk.rs-online.com/web/ComponentFinder"
"DS1302Z8_2","","","1","","","RS Components","http://uk.rs-online.com/web/ComponentFinder"
"EA_DOGXL_160-7","","","1","","","RS Components","http://uk.rs-online.com/web/ComponentFinder"
"Ferrit_smd","","","1","","","RS Components","http://uk.rs-online.com/web/ComponentFinder"
"FSM_Taster_250th","","","1","","","RS Components","http://uk.rs-online.com/web/ComponentFinder"
"L_1210","","","1","","","RS Components","http://uk.rs-online.com/web/ComponentFinder"
"MCP9800XXX-X_OTX","","","1","","","RS Components","http://uk.rs-online.com/web/ComponentFinder"
"OK_16DIL","","SIEMENS OPTO COUPLER","2","","","RS Components","http://uk.rs-online.com/web/ComponentFinder"
"PHX_2POL","","","1","","","RS Components","http://uk.rs-online.com/web/ComponentFinder"
"R-EU_R0603","","RESISTOR, European symbol","13","","","RS Components","http://uk.rs-online.com/web/ComponentFinder"
"R-EU_R1206","","RESISTOR, European symbol","11","","","RS Components","http://uk.rs-online.com/web/ComponentFinder"
"RECON_DC","","","1","","","RS Components","http://uk.rs-online.com/web/ComponentFinder"
"SchottkyDiode_SOD_323","","","1","","","RS Components","http://uk.rs-online.com/web/ComponentFinder"
"TO","","Arrow R","34","","","RS Components","http://uk.rs-online.com/web/ComponentFinder"
"ULN_Treiber_SO","","","2","","","RS Components","http://uk.rs-online.com/web/ComponentFinder"
"Vcc","","Power","11","","","RS Components","http://uk.rs-online.com/web/ComponentFinder"
"XMEGA128A1","","MICROCONTROLLERFeaturesHigh-performance, Low-power 8/16-bit AVR XMEGA Microcontroller Non-Volatile Program and Data Memories- 64K - 384K Bytes of In-System Self-Programmable Flash- 4K - 8K Bytes Boot Section with Independent Lock Bits- 2 KB - 4 KB EEPROM- 4 KB - 32 KB Internal SRAMExternal Bus Interface for up to 16M bytes SRAMExternal Bus Interface for up to 128M bit SDRAM Peripheral Features- Four-channel DMA Controller with support for external requests- Eight-channel Event System- Eight 16-bit Timer/CountersFour Timer/Counters with 4 Output Compare or Input Capture channelsFour Timer/Counters with 2 Output Compare or Input Capture channelsHigh-Resolution Extension on all Timer/CountersAdvanced Waveform Extension on two Timer/Counters- Eight USARTsIrDA modulation/demodulation for one USART- Four Two-Wire Interfaces with dual address match (I2C and SMBus compatible)- Four SPI (Serial Peripheral Interface) peripherals- AES and DES Crypto Engine- 16-bit Real Time Counter with separate Oscillator- Two Eight-channel, 12-bit, 2 Msps Analog to Digital Converters- Two Two-channel, 12-bit, 1 Msps Digital to Analog Converters- Four Analog Comparators with Window compare function- External Interrupts on all General Purpose I/O pins- Programmable Watchdog Timer with Separate On-chip Ultra Low Power Oscillator Special Microcontroller Features- Power-on Reset and Programmable Brown-out Detection- Internal and External Clock Options with PLL and Prescaler- Programmable Multi-level Interrupt Controller- Sleep Modes: Idle, Power-down, Standby, Power-save, Extended Standby- Advanced Programming, Test and Debugging InterfacesJTAG (IEEE 1149.1 Compliant) Interface for programming, test and debuggingPDI (Program and Debug Interface) for programming and debugging I/O and Packages- 78 Programmable I/O Lines- 100 - lead TQFP- 100 - ball CBGA- 100 - ball VFBGA Operating Voltage- 1.6 - 3.6V Speed performance- 0 - 12 MHz @ 1.6 - 3.6V- 0 - 32 MHz @ 2.7 - 3.6VDrawn by Dipl.-Ing. (FH) Robert SieglerCreated: 27.05.09","1","","","RS Components","http://uk.rs-online.com/web/ComponentFinder"
"XTAL_HC49","","","1","","","RS Components","http://uk.rs-online.com/web/ComponentFinder"
"XTAL_SMT_87_37","","","1","","","RS Components","http://uk.rs-online.com/web/ComponentFinder"
