"Name","Component","Value Description","Side","Centre X","Centre Y","Rotation"
"C1","1uF_0603","Kerko 1uF, 16 V, SMD 0603","Bottom","1625","-1890","180.00"
"C2","100nF_0603","KERKO_100nF/16V_SM0603","Bottom","1700","-1890","180.00"
"C3","220nF_0805","Kerko_220nF/50V_SM0805","Bottom","700","-2209","270.00"
"C4","2.2uF_3216","Tantal_2.2uF/16V_3216","Bottom","1965","-100","180.00"
"C5","2.2uF_3216","Tantal_2.2uF/16V_3216","Bottom","1965","-200","180.00"
"C6","100nF_0603","KERKO_100nF/16V_SM0603","Bottom","2325","35","180.00"
"CONN1","CON_10x2_100th","2x10 polig R2, 11,3 mm, vergold.","Bottom","450","-2625","180.00"
"CONN2","CON_10x2_100th","2x10 polig R2, 11,3 mm, vergold.","Bottom","2425","225","180.00"
"CONN3","Display_Stecker","Steckverbinder 1,0mm FFC/FPC 4-polig","Bottom","515","135","0.00"
"D1","SchottkyDiode_SOD_323","SchottkyDiode_40V/3A_SOD323","Bottom","1175","-1925","180.00"
"L1","Drossel_WE_PD4","Drossel-Ferrit_47uH_1.8A_12.5x10mm","Bottom","1425","-2200","180.00"
"L2","EA_DOGXL_160-7","","Top","1450","-1200","0.00"
"R1","18R_1206","18 R, 0,25 Watt, 1%, SMD 1206","Bottom","1431","-1700","180.00"
"U1","CAT4238","LED-Treiber_3.3V->35V_600mA_SMD SOT23-5","Bottom","1426","-1888","270.00"
